"Año";"Periodo";"Estimación de muertes semanales"
"2000";"Semana 1";"9.414"
"2000";"Semana 2";"9.875"
"2000";"Semana 3";"9.626"
"2000";"Semana 4";"9.426"
"2000";"Semana 5";"8.759"
"2000";"Semana 6";"7.858"
"2000";"Semana 7";"7.514"
"2000";"Semana 8";"7.219"
"2000";"Semana 9";"7.014"
"2000";"Semana 10";"6.918"
"2000";"Semana 11";"6.647"
"2000";"Semana 12";"6.566"
"2000";"Semana 13";"6.846"
"2000";"Semana 14";"6.793"
"2000";"Semana 15";"7.011"
"2000";"Semana 16";"6.793"
"2000";"Semana 17";"6.553"
"2000";"Semana 18";"6.627"
"2000";"Semana 19";"6.305"
"2000";"Semana 20";"6.392"
"2000";"Semana 21";"6.052"
"2000";"Semana 22";"6.630"
"2000";"Semana 23";"6.147"
"2000";"Semana 24";"6.538"
"2000";"Semana 25";"6.324"
"2000";"Semana 26";"6.309"
"2000";"Semana 27";"6.385"
"2000";"Semana 28";"6.071"
"2000";"Semana 29";"6.359"
"2000";"Semana 30";"6.152"
"2000";"Semana 31";"6.355"
"2000";"Semana 32";"6.200"
"2000";"Semana 33";"6.489"
"2000";"Semana 34";"6.119"
"2000";"Semana 35";"6.056"
"2000";"Semana 36";"5.964"
"2000";"Semana 37";"6.077"
"2000";"Semana 38";"5.693"
"2000";"Semana 39";"5.899"
"2000";"Semana 40";"6.260"
"2000";"Semana 41";"6.382"
"2000";"Semana 42";"6.603"
"2000";"Semana 43";"6.614"
"2000";"Semana 44";"6.342"
"2000";"Semana 45";"6.742"
"2000";"Semana 46";"6.795"
"2000";"Semana 47";"6.949"
"2000";"Semana 48";"6.833"
"2000";"Semana 49";"6.624"
"2000";"Semana 50";"6.779"
"2000";"Semana 51";"6.969"
"2000";"Semana 52";"7.206"
"2001";"Semana 1";"7.465"
"2001";"Semana 2";"7.281"
"2001";"Semana 3";"7.138"
"2001";"Semana 4";"7.435"
"2001";"Semana 5";"7.359"
"2001";"Semana 6";"7.147"
"2001";"Semana 7";"7.239"
"2001";"Semana 8";"7.141"
"2001";"Semana 9";"7.425"
"2001";"Semana 10";"7.431"
"2001";"Semana 11";"6.829"
"2001";"Semana 12";"6.784"
"2001";"Semana 13";"6.591"
"2001";"Semana 14";"6.714"
"2001";"Semana 15";"6.629"
"2001";"Semana 16";"6.654"
"2001";"Semana 17";"6.796"
"2001";"Semana 18";"6.665"
"2001";"Semana 19";"6.769"
"2001";"Semana 20";"6.763"
"2001";"Semana 21";"6.752"
"2001";"Semana 22";"7.196"
"2001";"Semana 23";"6.560"
"2001";"Semana 24";"6.256"
"2001";"Semana 25";"6.539"
"2001";"Semana 26";"6.951"
"2001";"Semana 27";"6.763"
"2001";"Semana 28";"6.474"
"2001";"Semana 29";"6.129"
"2001";"Semana 30";"6.380"
"2001";"Semana 31";"7.179"
"2001";"Semana 32";"6.796"
"2001";"Semana 33";"6.546"
"2001";"Semana 34";"6.544"
"2001";"Semana 35";"6.299"
"2001";"Semana 36";"6.147"
"2001";"Semana 37";"6.020"
"2001";"Semana 38";"6.058"
"2001";"Semana 39";"6.172"
"2001";"Semana 40";"6.436"
"2001";"Semana 41";"6.395"
"2001";"Semana 42";"6.356"
"2001";"Semana 43";"6.516"
"2001";"Semana 44";"6.411"
"2001";"Semana 45";"6.634"
"2001";"Semana 46";"7.319"
"2001";"Semana 47";"7.275"
"2001";"Semana 48";"7.351"
"2001";"Semana 49";"7.327"
"2001";"Semana 50";"7.551"
"2001";"Semana 51";"8.002"
"2001";"Semana 52";"8.716"
"2002";"Semana 1";"9.120"
"2002";"Semana 2";"9.076"
"2002";"Semana 3";"8.968"
"2002";"Semana 4";"8.798"
"2002";"Semana 5";"8.845"
"2002";"Semana 6";"8.518"
"2002";"Semana 7";"8.186"
"2002";"Semana 8";"8.079"
"2002";"Semana 9";"7.874"
"2002";"Semana 10";"7.821"
"2002";"Semana 11";"7.545"
"2002";"Semana 12";"7.442"
"2002";"Semana 13";"6.847"
"2002";"Semana 14";"7.205"
"2002";"Semana 15";"7.029"
"2002";"Semana 16";"6.995"
"2002";"Semana 17";"6.999"
"2002";"Semana 18";"6.629"
"2002";"Semana 19";"6.466"
"2002";"Semana 20";"6.617"
"2002";"Semana 21";"6.562"
"2002";"Semana 22";"6.385"
"2002";"Semana 23";"6.270"
"2002";"Semana 24";"6.802"
"2002";"Semana 25";"6.981"
"2002";"Semana 26";"6.698"
"2002";"Semana 27";"6.470"
"2002";"Semana 28";"6.217"
"2002";"Semana 29";"6.504"
"2002";"Semana 30";"6.525"
"2002";"Semana 31";"6.477"
"2002";"Semana 32";"6.068"
"2002";"Semana 33";"6.116"
"2002";"Semana 34";"6.043"
"2002";"Semana 35";"6.044"
"2002";"Semana 36";"6.042"
"2002";"Semana 37";"6.034"
"2002";"Semana 38";"6.220"
"2002";"Semana 39";"6.180"
"2002";"Semana 40";"6.267"
"2002";"Semana 41";"6.390"
"2002";"Semana 42";"6.611"
"2002";"Semana 43";"6.646"
"2002";"Semana 44";"6.615"
"2002";"Semana 45";"6.682"
"2002";"Semana 46";"6.790"
"2002";"Semana 47";"6.699"
"2002";"Semana 48";"7.133"
"2002";"Semana 49";"7.222"
"2002";"Semana 50";"7.453"
"2002";"Semana 51";"7.497"
"2002";"Semana 52";"7.438"
"2003";"Semana 1";"7.783"
"2003";"Semana 2";"7.673"
"2003";"Semana 3";"8.410"
"2003";"Semana 4";"8.248"
"2003";"Semana 5";"8.051"
"2003";"Semana 6";"8.127"
"2003";"Semana 7";"7.658"
"2003";"Semana 8";"8.005"
"2003";"Semana 9";"7.694"
"2003";"Semana 10";"7.559"
"2003";"Semana 11";"7.207"
"2003";"Semana 12";"7.164"
"2003";"Semana 13";"7.206"
"2003";"Semana 14";"7.077"
"2003";"Semana 15";"7.194"
"2003";"Semana 16";"7.061"
"2003";"Semana 17";"7.062"
"2003";"Semana 18";"6.899"
"2003";"Semana 19";"6.690"
"2003";"Semana 20";"6.887"
"2003";"Semana 21";"6.750"
"2003";"Semana 22";"6.914"
"2003";"Semana 23";"6.805"
"2003";"Semana 24";"7.690"
"2003";"Semana 25";"7.727"
"2003";"Semana 26";"7.363"
"2003";"Semana 27";"6.650"
"2003";"Semana 28";"7.120"
"2003";"Semana 29";"6.855"
"2003";"Semana 30";"7.188"
"2003";"Semana 31";"7.777"
"2003";"Semana 32";"8.654"
"2003";"Semana 33";"8.774"
"2003";"Semana 34";"7.003"
"2003";"Semana 35";"6.564"
"2003";"Semana 36";"6.268"
"2003";"Semana 37";"6.198"
"2003";"Semana 38";"6.612"
"2003";"Semana 39";"6.473"
"2003";"Semana 40";"6.230"
"2003";"Semana 41";"6.551"
"2003";"Semana 42";"6.650"
"2003";"Semana 43";"6.822"
"2003";"Semana 44";"7.139"
"2003";"Semana 45";"7.496"
"2003";"Semana 46";"7.598"
"2003";"Semana 47";"7.444"
"2003";"Semana 48";"7.680"
"2003";"Semana 49";"7.977"
"2003";"Semana 50";"8.085"
"2003";"Semana 51";"8.031"
"2003";"Semana 52";"8.181"
"2004";"Semana 1";"8.684"
"2004";"Semana 2";"8.649"
"2004";"Semana 3";"8.053"
"2004";"Semana 4";"8.005"
"2004";"Semana 5";"7.669"
"2004";"Semana 6";"7.597"
"2004";"Semana 7";"7.339"
"2004";"Semana 8";"7.481"
"2004";"Semana 9";"7.579"
"2004";"Semana 10";"7.952"
"2004";"Semana 11";"7.751"
"2004";"Semana 12";"7.417"
"2004";"Semana 13";"7.171"
"2004";"Semana 14";"7.211"
"2004";"Semana 15";"7.070"
"2004";"Semana 16";"7.278"
"2004";"Semana 17";"7.029"
"2004";"Semana 18";"6.832"
"2004";"Semana 19";"6.827"
"2004";"Semana 20";"6.745"
"2004";"Semana 21";"6.927"
"2004";"Semana 22";"6.624"
"2004";"Semana 23";"6.512"
"2004";"Semana 24";"6.590"
"2004";"Semana 25";"6.421"
"2004";"Semana 26";"6.395"
"2004";"Semana 27";"6.868"
"2004";"Semana 28";"6.223"
"2004";"Semana 29";"6.274"
"2004";"Semana 30";"6.738"
"2004";"Semana 31";"7.034"
"2004";"Semana 32";"6.693"
"2004";"Semana 33";"6.507"
"2004";"Semana 34";"6.296"
"2004";"Semana 35";"6.381"
"2004";"Semana 36";"6.277"
"2004";"Semana 37";"6.235"
"2004";"Semana 38";"6.158"
"2004";"Semana 39";"6.200"
"2004";"Semana 40";"6.296"
"2004";"Semana 41";"6.609"
"2004";"Semana 42";"6.621"
"2004";"Semana 43";"7.021"
"2004";"Semana 44";"6.633"
"2004";"Semana 45";"7.067"
"2004";"Semana 46";"6.892"
"2004";"Semana 47";"7.338"
"2004";"Semana 48";"7.389"
"2004";"Semana 49";"7.513"
"2004";"Semana 50";"7.537"
"2004";"Semana 51";"7.837"
"2004";"Semana 52";"8.296"
"2004";"Semana 53";"9.596"
"2005";"Semana 1";"10.846"
"2005";"Semana 2";"11.299"
"2005";"Semana 3";"11.057"
"2005";"Semana 4";"10.154"
"2005";"Semana 5";"10.247"
"2005";"Semana 6";"9.599"
"2005";"Semana 7";"8.866"
"2005";"Semana 8";"8.823"
"2005";"Semana 9";"8.567"
"2005";"Semana 10";"9.000"
"2005";"Semana 11";"8.595"
"2005";"Semana 12";"7.894"
"2005";"Semana 13";"7.536"
"2005";"Semana 14";"7.113"
"2005";"Semana 15";"7.004"
"2005";"Semana 16";"7.022"
"2005";"Semana 17";"6.957"
"2005";"Semana 18";"6.816"
"2005";"Semana 19";"6.525"
"2005";"Semana 20";"6.627"
"2005";"Semana 21";"6.787"
"2005";"Semana 22";"6.528"
"2005";"Semana 23";"6.516"
"2005";"Semana 24";"6.578"
"2005";"Semana 25";"6.908"
"2005";"Semana 26";"6.570"
"2005";"Semana 27";"6.271"
"2005";"Semana 28";"6.489"
"2005";"Semana 29";"6.423"
"2005";"Semana 30";"6.369"
"2005";"Semana 31";"6.233"
"2005";"Semana 32";"6.374"
"2005";"Semana 33";"6.096"
"2005";"Semana 34";"6.079"
"2005";"Semana 35";"6.321"
"2005";"Semana 36";"5.942"
"2005";"Semana 37";"6.143"
"2005";"Semana 38";"6.006"
"2005";"Semana 39";"6.338"
"2005";"Semana 40";"6.375"
"2005";"Semana 41";"6.565"
"2005";"Semana 42";"6.533"
"2005";"Semana 43";"6.665"
"2005";"Semana 44";"6.452"
"2005";"Semana 45";"6.784"
"2005";"Semana 46";"7.051"
"2005";"Semana 47";"7.025"
"2005";"Semana 48";"7.528"
"2005";"Semana 49";"7.153"
"2005";"Semana 50";"7.493"
"2005";"Semana 51";"7.833"
"2005";"Semana 52";"8.245"
"2006";"Semana 1";"8.240"
"2006";"Semana 2";"7.923"
"2006";"Semana 3";"7.936"
"2006";"Semana 4";"7.665"
"2006";"Semana 5";"7.936"
"2006";"Semana 6";"7.862"
"2006";"Semana 7";"7.978"
"2006";"Semana 8";"7.577"
"2006";"Semana 9";"7.893"
"2006";"Semana 10";"7.956"
"2006";"Semana 11";"7.597"
"2006";"Semana 12";"7.300"
"2006";"Semana 13";"7.248"
"2006";"Semana 14";"7.014"
"2006";"Semana 15";"6.869"
"2006";"Semana 16";"6.735"
"2006";"Semana 17";"6.851"
"2006";"Semana 18";"6.776"
"2006";"Semana 19";"6.699"
"2006";"Semana 20";"6.865"
"2006";"Semana 21";"6.523"
"2006";"Semana 22";"6.484"
"2006";"Semana 23";"6.817"
"2006";"Semana 24";"6.588"
"2006";"Semana 25";"6.629"
"2006";"Semana 26";"6.600"
"2006";"Semana 27";"6.630"
"2006";"Semana 28";"7.154"
"2006";"Semana 29";"7.433"
"2006";"Semana 30";"7.349"
"2006";"Semana 31";"6.883"
"2006";"Semana 32";"6.554"
"2006";"Semana 33";"6.142"
"2006";"Semana 34";"6.449"
"2006";"Semana 35";"6.586"
"2006";"Semana 36";"6.755"
"2006";"Semana 37";"6.275"
"2006";"Semana 38";"6.389"
"2006";"Semana 39";"6.475"
"2006";"Semana 40";"6.342"
"2006";"Semana 41";"6.572"
"2006";"Semana 42";"6.686"
"2006";"Semana 43";"6.841"
"2006";"Semana 44";"6.852"
"2006";"Semana 45";"6.726"
"2006";"Semana 46";"6.935"
"2006";"Semana 47";"7.254"
"2006";"Semana 48";"7.044"
"2006";"Semana 49";"7.248"
"2006";"Semana 50";"7.593"
"2006";"Semana 51";"7.909"
"2006";"Semana 52";"8.529"
"2007";"Semana 1";"8.742"
"2007";"Semana 2";"8.807"
"2007";"Semana 3";"8.477"
"2007";"Semana 4";"8.505"
"2007";"Semana 5";"9.021"
"2007";"Semana 6";"9.198"
"2007";"Semana 7";"8.466"
"2007";"Semana 8";"8.009"
"2007";"Semana 9";"8.016"
"2007";"Semana 10";"7.503"
"2007";"Semana 11";"7.396"
"2007";"Semana 12";"7.704"
"2007";"Semana 13";"7.756"
"2007";"Semana 14";"7.628"
"2007";"Semana 15";"7.568"
"2007";"Semana 16";"7.460"
"2007";"Semana 17";"7.029"
"2007";"Semana 18";"6.820"
"2007";"Semana 19";"7.162"
"2007";"Semana 20";"7.086"
"2007";"Semana 21";"6.711"
"2007";"Semana 22";"6.772"
"2007";"Semana 23";"6.844"
"2007";"Semana 24";"6.789"
"2007";"Semana 25";"6.717"
"2007";"Semana 26";"6.565"
"2007";"Semana 27";"6.723"
"2007";"Semana 28";"6.680"
"2007";"Semana 29";"6.623"
"2007";"Semana 30";"6.715"
"2007";"Semana 31";"7.268"
"2007";"Semana 32";"6.608"
"2007";"Semana 33";"6.418"
"2007";"Semana 34";"6.304"
"2007";"Semana 35";"6.492"
"2007";"Semana 36";"6.396"
"2007";"Semana 37";"6.557"
"2007";"Semana 38";"6.243"
"2007";"Semana 39";"6.460"
"2007";"Semana 40";"6.732"
"2007";"Semana 41";"6.612"
"2007";"Semana 42";"7.109"
"2007";"Semana 43";"6.995"
"2007";"Semana 44";"7.249"
"2007";"Semana 45";"7.420"
"2007";"Semana 46";"7.543"
"2007";"Semana 47";"7.837"
"2007";"Semana 48";"7.803"
"2007";"Semana 49";"7.934"
"2007";"Semana 50";"7.861"
"2007";"Semana 51";"8.473"
"2007";"Semana 52";"8.287"
"2008";"Semana 1";"9.001"
"2008";"Semana 2";"8.982"
"2008";"Semana 3";"8.690"
"2008";"Semana 4";"8.150"
"2008";"Semana 5";"8.095"
"2008";"Semana 6";"8.283"
"2008";"Semana 7";"8.347"
"2008";"Semana 8";"8.188"
"2008";"Semana 9";"8.190"
"2008";"Semana 10";"7.796"
"2008";"Semana 11";"7.908"
"2008";"Semana 12";"7.518"
"2008";"Semana 13";"7.731"
"2008";"Semana 14";"7.738"
"2008";"Semana 15";"7.496"
"2008";"Semana 16";"7.347"
"2008";"Semana 17";"7.322"
"2008";"Semana 18";"6.981"
"2008";"Semana 19";"7.075"
"2008";"Semana 20";"6.527"
"2008";"Semana 21";"6.775"
"2008";"Semana 22";"6.440"
"2008";"Semana 23";"6.556"
"2008";"Semana 24";"6.771"
"2008";"Semana 25";"7.015"
"2008";"Semana 26";"7.283"
"2008";"Semana 27";"7.127"
"2008";"Semana 28";"6.754"
"2008";"Semana 29";"6.645"
"2008";"Semana 30";"6.673"
"2008";"Semana 31";"6.953"
"2008";"Semana 32";"6.870"
"2008";"Semana 33";"6.764"
"2008";"Semana 34";"6.577"
"2008";"Semana 35";"6.379"
"2008";"Semana 36";"6.375"
"2008";"Semana 37";"6.289"
"2008";"Semana 38";"6.378"
"2008";"Semana 39";"6.161"
"2008";"Semana 40";"6.539"
"2008";"Semana 41";"7.096"
"2008";"Semana 42";"7.047"
"2008";"Semana 43";"6.846"
"2008";"Semana 44";"7.199"
"2008";"Semana 45";"7.054"
"2008";"Semana 46";"7.529"
"2008";"Semana 47";"7.403"
"2008";"Semana 48";"7.527"
"2008";"Semana 49";"8.102"
"2008";"Semana 50";"7.938"
"2008";"Semana 51";"8.205"
"2008";"Semana 52";"8.713"
"2009";"Semana 1";"9.494"
"2009";"Semana 2";"9.319"
"2009";"Semana 3";"9.868"
"2009";"Semana 4";"9.522"
"2009";"Semana 5";"8.868"
"2009";"Semana 6";"8.451"
"2009";"Semana 7";"8.046"
"2009";"Semana 8";"7.986"
"2009";"Semana 9";"7.844"
"2009";"Semana 10";"7.743"
"2009";"Semana 11";"7.652"
"2009";"Semana 12";"7.425"
"2009";"Semana 13";"7.337"
"2009";"Semana 14";"7.377"
"2009";"Semana 15";"7.285"
"2009";"Semana 16";"7.176"
"2009";"Semana 17";"7.286"
"2009";"Semana 18";"6.994"
"2009";"Semana 19";"7.310"
"2009";"Semana 20";"7.030"
"2009";"Semana 21";"7.053"
"2009";"Semana 22";"6.712"
"2009";"Semana 23";"6.759"
"2009";"Semana 24";"6.803"
"2009";"Semana 25";"7.016"
"2009";"Semana 26";"6.714"
"2009";"Semana 27";"7.041"
"2009";"Semana 28";"6.519"
"2009";"Semana 29";"6.588"
"2009";"Semana 30";"6.693"
"2009";"Semana 31";"6.759"
"2009";"Semana 32";"6.703"
"2009";"Semana 33";"6.679"
"2009";"Semana 34";"6.997"
"2009";"Semana 35";"6.786"
"2009";"Semana 36";"6.482"
"2009";"Semana 37";"6.315"
"2009";"Semana 38";"6.259"
"2009";"Semana 39";"6.539"
"2009";"Semana 40";"6.778"
"2009";"Semana 41";"6.908"
"2009";"Semana 42";"6.685"
"2009";"Semana 43";"7.042"
"2009";"Semana 44";"7.144"
"2009";"Semana 45";"6.918"
"2009";"Semana 46";"7.313"
"2009";"Semana 47";"7.365"
"2009";"Semana 48";"7.219"
"2009";"Semana 49";"7.509"
"2009";"Semana 50";"7.547"
"2009";"Semana 51";"7.969"
"2009";"Semana 52";"8.568"
"2009";"Semana 53";"8.345"
"2010";"Semana 1";"8.205"
"2010";"Semana 2";"8.640"
"2010";"Semana 3";"8.322"
"2010";"Semana 4";"8.063"
"2010";"Semana 5";"8.154"
"2010";"Semana 6";"7.954"
"2010";"Semana 7";"8.283"
"2010";"Semana 8";"8.059"
"2010";"Semana 9";"7.471"
"2010";"Semana 10";"7.498"
"2010";"Semana 11";"7.778"
"2010";"Semana 12";"7.568"
"2010";"Semana 13";"7.237"
"2010";"Semana 14";"7.299"
"2010";"Semana 15";"7.476"
"2010";"Semana 16";"7.156"
"2010";"Semana 17";"7.228"
"2010";"Semana 18";"6.815"
"2010";"Semana 19";"6.884"
"2010";"Semana 20";"7.272"
"2010";"Semana 21";"7.159"
"2010";"Semana 22";"7.162"
"2010";"Semana 23";"6.475"
"2010";"Semana 24";"6.496"
"2010";"Semana 25";"6.808"
"2010";"Semana 26";"7.220"
"2010";"Semana 27";"7.355"
"2010";"Semana 28";"7.298"
"2010";"Semana 29";"6.888"
"2010";"Semana 30";"6.648"
"2010";"Semana 31";"6.651"
"2010";"Semana 32";"6.752"
"2010";"Semana 33";"6.545"
"2010";"Semana 34";"6.822"
"2010";"Semana 35";"6.557"
"2010";"Semana 36";"6.410"
"2010";"Semana 37";"6.329"
"2010";"Semana 38";"6.486"
"2010";"Semana 39";"6.655"
"2010";"Semana 40";"6.942"
"2010";"Semana 41";"6.682"
"2010";"Semana 42";"7.074"
"2010";"Semana 43";"7.305"
"2010";"Semana 44";"7.292"
"2010";"Semana 45";"7.299"
"2010";"Semana 46";"7.354"
"2010";"Semana 47";"7.531"
"2010";"Semana 48";"7.752"
"2010";"Semana 49";"7.782"
"2010";"Semana 50";"7.681"
"2010";"Semana 51";"7.917"
"2010";"Semana 52";"8.499"
"2011";"Semana 1";"8.886"
"2011";"Semana 2";"8.440"
"2011";"Semana 3";"8.419"
"2011";"Semana 4";"8.699"
"2011";"Semana 5";"8.657"
"2011";"Semana 6";"8.684"
"2011";"Semana 7";"8.496"
"2011";"Semana 8";"8.135"
"2011";"Semana 9";"7.822"
"2011";"Semana 10";"7.970"
"2011";"Semana 11";"7.851"
"2011";"Semana 12";"7.529"
"2011";"Semana 13";"7.625"
"2011";"Semana 14";"7.545"
"2011";"Semana 15";"7.071"
"2011";"Semana 16";"6.915"
"2011";"Semana 17";"7.090"
"2011";"Semana 18";"6.941"
"2011";"Semana 19";"6.988"
"2011";"Semana 20";"6.855"
"2011";"Semana 21";"7.218"
"2011";"Semana 22";"6.743"
"2011";"Semana 23";"6.690"
"2011";"Semana 24";"6.851"
"2011";"Semana 25";"7.030"
"2011";"Semana 26";"7.393"
"2011";"Semana 27";"6.873"
"2011";"Semana 28";"6.827"
"2011";"Semana 29";"6.618"
"2011";"Semana 30";"6.698"
"2011";"Semana 31";"6.892"
"2011";"Semana 32";"6.821"
"2011";"Semana 33";"7.051"
"2011";"Semana 34";"6.887"
"2011";"Semana 35";"6.635"
"2011";"Semana 36";"6.605"
"2011";"Semana 37";"6.690"
"2011";"Semana 38";"6.371"
"2011";"Semana 39";"6.756"
"2011";"Semana 40";"6.900"
"2011";"Semana 41";"7.089"
"2011";"Semana 42";"7.141"
"2011";"Semana 43";"7.308"
"2011";"Semana 44";"7.434"
"2011";"Semana 45";"7.408"
"2011";"Semana 46";"7.407"
"2011";"Semana 47";"7.320"
"2011";"Semana 48";"7.654"
"2011";"Semana 49";"7.816"
"2011";"Semana 50";"8.006"
"2011";"Semana 51";"8.380"
"2011";"Semana 52";"8.724"
"2012";"Semana 1";"8.698"
"2012";"Semana 2";"9.131"
"2012";"Semana 3";"9.241"
"2012";"Semana 4";"8.936"
"2012";"Semana 5";"9.256"
"2012";"Semana 6";"10.064"
"2012";"Semana 7";"11.103"
"2012";"Semana 8";"10.993"
"2012";"Semana 9";"10.535"
"2012";"Semana 10";"9.309"
"2012";"Semana 11";"8.907"
"2012";"Semana 12";"8.088"
"2012";"Semana 13";"8.135"
"2012";"Semana 14";"7.759"
"2012";"Semana 15";"7.626"
"2012";"Semana 16";"7.683"
"2012";"Semana 17";"7.551"
"2012";"Semana 18";"7.394"
"2012";"Semana 19";"7.625"
"2012";"Semana 20";"7.235"
"2012";"Semana 21";"6.972"
"2012";"Semana 22";"7.010"
"2012";"Semana 23";"6.771"
"2012";"Semana 24";"6.499"
"2012";"Semana 25";"6.589"
"2012";"Semana 26";"7.267"
"2012";"Semana 27";"6.451"
"2012";"Semana 28";"6.675"
"2012";"Semana 29";"6.612"
"2012";"Semana 30";"6.844"
"2012";"Semana 31";"6.742"
"2012";"Semana 32";"6.959"
"2012";"Semana 33";"6.842"
"2012";"Semana 34";"7.157"
"2012";"Semana 35";"6.536"
"2012";"Semana 36";"6.652"
"2012";"Semana 37";"6.524"
"2012";"Semana 38";"6.644"
"2012";"Semana 39";"6.268"
"2012";"Semana 40";"6.662"
"2012";"Semana 41";"6.845"
"2012";"Semana 42";"6.867"
"2012";"Semana 43";"6.696"
"2012";"Semana 44";"7.350"
"2012";"Semana 45";"7.366"
"2012";"Semana 46";"7.422"
"2012";"Semana 47";"7.308"
"2012";"Semana 48";"7.333"
"2012";"Semana 49";"7.747"
"2012";"Semana 50";"8.137"
"2012";"Semana 51";"7.866"
"2012";"Semana 52";"7.857"
"2013";"Semana 1";"7.914"
"2013";"Semana 2";"8.422"
"2013";"Semana 3";"8.562"
"2013";"Semana 4";"8.328"
"2013";"Semana 5";"8.359"
"2013";"Semana 6";"8.320"
"2013";"Semana 7";"8.609"
"2013";"Semana 8";"8.508"
"2013";"Semana 9";"8.472"
"2013";"Semana 10";"8.739"
"2013";"Semana 11";"7.947"
"2013";"Semana 12";"8.131"
"2013";"Semana 13";"7.703"
"2013";"Semana 14";"7.561"
"2013";"Semana 15";"7.551"
"2013";"Semana 16";"7.253"
"2013";"Semana 17";"7.020"
"2013";"Semana 18";"7.054"
"2013";"Semana 19";"7.166"
"2013";"Semana 20";"7.032"
"2013";"Semana 21";"6.940"
"2013";"Semana 22";"6.988"
"2013";"Semana 23";"7.173"
"2013";"Semana 24";"7.314"
"2013";"Semana 25";"6.670"
"2013";"Semana 26";"6.916"
"2013";"Semana 27";"7.301"
"2013";"Semana 28";"7.807"
"2013";"Semana 29";"7.063"
"2013";"Semana 30";"6.904"
"2013";"Semana 31";"6.795"
"2013";"Semana 32";"6.734"
"2013";"Semana 33";"6.771"
"2013";"Semana 34";"6.757"
"2013";"Semana 35";"6.477"
"2013";"Semana 36";"6.418"
"2013";"Semana 37";"6.376"
"2013";"Semana 38";"6.465"
"2013";"Semana 39";"6.907"
"2013";"Semana 40";"6.939"
"2013";"Semana 41";"6.520"
"2013";"Semana 42";"6.960"
"2013";"Semana 43";"7.017"
"2013";"Semana 44";"6.883"
"2013";"Semana 45";"7.366"
"2013";"Semana 46";"7.246"
"2013";"Semana 47";"7.474"
"2013";"Semana 48";"8.066"
"2013";"Semana 49";"8.183"
"2013";"Semana 50";"8.142"
"2013";"Semana 51";"8.459"
"2013";"Semana 52";"8.572"
"2014";"Semana 1";"9.049"
"2014";"Semana 2";"9.009"
"2014";"Semana 3";"9.126"
"2014";"Semana 4";"9.061"
"2014";"Semana 5";"8.867"
"2014";"Semana 6";"8.996"
"2014";"Semana 7";"8.829"
"2014";"Semana 8";"8.396"
"2014";"Semana 9";"8.252"
"2014";"Semana 10";"8.107"
"2014";"Semana 11";"7.813"
"2014";"Semana 12";"8.034"
"2014";"Semana 13";"7.728"
"2014";"Semana 14";"7.743"
"2014";"Semana 15";"7.635"
"2014";"Semana 16";"7.258"
"2014";"Semana 17";"6.999"
"2014";"Semana 18";"7.307"
"2014";"Semana 19";"7.344"
"2014";"Semana 20";"7.049"
"2014";"Semana 21";"6.904"
"2014";"Semana 22";"6.832"
"2014";"Semana 23";"7.136"
"2014";"Semana 24";"7.404"
"2014";"Semana 25";"7.248"
"2014";"Semana 26";"6.852"
"2014";"Semana 27";"6.851"
"2014";"Semana 28";"6.736"
"2014";"Semana 29";"7.065"
"2014";"Semana 30";"7.127"
"2014";"Semana 31";"6.867"
"2014";"Semana 32";"6.891"
"2014";"Semana 33";"6.724"
"2014";"Semana 34";"6.643"
"2014";"Semana 35";"6.995"
"2014";"Semana 36";"7.057"
"2014";"Semana 37";"6.687"
"2014";"Semana 38";"6.626"
"2014";"Semana 39";"6.508"
"2014";"Semana 40";"6.930"
"2014";"Semana 41";"6.987"
"2014";"Semana 42";"7.265"
"2014";"Semana 43";"7.322"
"2014";"Semana 44";"7.287"
"2014";"Semana 45";"7.333"
"2014";"Semana 46";"7.604"
"2014";"Semana 47";"7.628"
"2014";"Semana 48";"7.729"
"2014";"Semana 49";"7.645"
"2014";"Semana 50";"7.990"
"2014";"Semana 51";"8.245"
"2014";"Semana 52";"8.535"
"2015";"Semana 1";"9.605"
"2015";"Semana 2";"10.415"
"2015";"Semana 3";"10.738"
"2015";"Semana 4";"10.625"
"2015";"Semana 5";"11.046"
"2015";"Semana 6";"10.682"
"2015";"Semana 7";"10.857"
"2015";"Semana 8";"10.580"
"2015";"Semana 9";"10.058"
"2015";"Semana 10";"9.421"
"2015";"Semana 11";"8.785"
"2015";"Semana 12";"8.379"
"2015";"Semana 13";"8.366"
"2015";"Semana 14";"8.282"
"2015";"Semana 15";"7.894"
"2015";"Semana 16";"7.855"
"2015";"Semana 17";"7.802"
"2015";"Semana 18";"7.365"
"2015";"Semana 19";"7.464"
"2015";"Semana 20";"7.543"
"2015";"Semana 21";"7.234"
"2015";"Semana 22";"7.096"
"2015";"Semana 23";"7.364"
"2015";"Semana 24";"7.152"
"2015";"Semana 25";"6.956"
"2015";"Semana 26";"7.111"
"2015";"Semana 27";"8.146"
"2015";"Semana 28";"8.351"
"2015";"Semana 29";"8.164"
"2015";"Semana 30";"7.798"
"2015";"Semana 31";"7.349"
"2015";"Semana 32";"7.219"
"2015";"Semana 33";"7.075"
"2015";"Semana 34";"6.801"
"2015";"Semana 35";"6.954"
"2015";"Semana 36";"6.603"
"2015";"Semana 37";"6.660"
"2015";"Semana 38";"6.617"
"2015";"Semana 39";"6.898"
"2015";"Semana 40";"6.813"
"2015";"Semana 41";"7.055"
"2015";"Semana 42";"7.119"
"2015";"Semana 43";"7.267"
"2015";"Semana 44";"7.392"
"2015";"Semana 45";"7.412"
"2015";"Semana 46";"7.325"
"2015";"Semana 47";"7.397"
"2015";"Semana 48";"7.849"
"2015";"Semana 49";"8.080"
"2015";"Semana 50";"8.032"
"2015";"Semana 51";"8.342"
"2015";"Semana 52";"8.031"
"2015";"Semana 53";"8.427"
"2016";"Semana 1";"8.658"
"2016";"Semana 2";"8.671"
"2016";"Semana 3";"8.791"
"2016";"Semana 4";"8.491"
"2016";"Semana 5";"8.461"
"2016";"Semana 6";"8.556"
"2016";"Semana 7";"8.479"
"2016";"Semana 8";"8.670"
"2016";"Semana 9";"8.645"
"2016";"Semana 10";"8.653"
"2016";"Semana 11";"8.811"
"2016";"Semana 12";"8.291"
"2016";"Semana 13";"8.375"
"2016";"Semana 14";"7.998"
"2016";"Semana 15";"7.859"
"2016";"Semana 16";"7.589"
"2016";"Semana 17";"7.462"
"2016";"Semana 18";"7.606"
"2016";"Semana 19";"7.374"
"2016";"Semana 20";"7.533"
"2016";"Semana 21";"7.304"
"2016";"Semana 22";"7.255"
"2016";"Semana 23";"7.576"
"2016";"Semana 24";"7.140"
"2016";"Semana 25";"7.173"
"2016";"Semana 26";"7.345"
"2016";"Semana 27";"7.505"
"2016";"Semana 28";"7.423"
"2016";"Semana 29";"7.377"
"2016";"Semana 30";"7.295"
"2016";"Semana 31";"7.425"
"2016";"Semana 32";"7.233"
"2016";"Semana 33";"7.102"
"2016";"Semana 34";"7.184"
"2016";"Semana 35";"7.100"
"2016";"Semana 36";"7.203"
"2016";"Semana 37";"6.641"
"2016";"Semana 38";"6.956"
"2016";"Semana 39";"7.036"
"2016";"Semana 40";"7.072"
"2016";"Semana 41";"7.036"
"2016";"Semana 42";"7.185"
"2016";"Semana 43";"7.512"
"2016";"Semana 44";"7.244"
"2016";"Semana 45";"7.775"
"2016";"Semana 46";"8.076"
"2016";"Semana 47";"8.090"
"2016";"Semana 48";"8.321"
"2016";"Semana 49";"8.124"
"2016";"Semana 50";"8.612"
"2016";"Semana 51";"8.980"
"2016";"Semana 52";"9.855"
"2017";"Semana 1";"10.726"
"2017";"Semana 2";"11.414"
"2017";"Semana 3";"11.334"
"2017";"Semana 4";"11.068"
"2017";"Semana 5";"10.636"
"2017";"Semana 6";"9.660"
"2017";"Semana 7";"9.017"
"2017";"Semana 8";"8.670"
"2017";"Semana 9";"8.371"
"2017";"Semana 10";"8.213"
"2017";"Semana 11";"7.906"
"2017";"Semana 12";"7.875"
"2017";"Semana 13";"7.827"
"2017";"Semana 14";"7.814"
"2017";"Semana 15";"7.800"
"2017";"Semana 16";"7.574"
"2017";"Semana 17";"7.661"
"2017";"Semana 18";"7.520"
"2017";"Semana 19";"7.622"
"2017";"Semana 20";"7.494"
"2017";"Semana 21";"7.666"
"2017";"Semana 22";"7.092"
"2017";"Semana 23";"7.067"
"2017";"Semana 24";"7.819"
"2017";"Semana 25";"7.991"
"2017";"Semana 26";"7.137"
"2017";"Semana 27";"7.156"
"2017";"Semana 28";"7.214"
"2017";"Semana 29";"7.259"
"2017";"Semana 30";"7.110"
"2017";"Semana 31";"7.596"
"2017";"Semana 32";"7.186"
"2017";"Semana 33";"7.118"
"2017";"Semana 34";"7.219"
"2017";"Semana 35";"7.013"
"2017";"Semana 36";"6.680"
"2017";"Semana 37";"6.730"
"2017";"Semana 38";"7.091"
"2017";"Semana 39";"7.367"
"2017";"Semana 40";"7.388"
"2017";"Semana 41";"7.234"
"2017";"Semana 42";"7.392"
"2017";"Semana 43";"7.308"
"2017";"Semana 44";"7.511"
"2017";"Semana 45";"7.632"
"2017";"Semana 46";"8.063"
"2017";"Semana 47";"8.169"
"2017";"Semana 48";"8.257"
"2017";"Semana 49";"8.620"
"2017";"Semana 50";"9.262"
"2017";"Semana 51";"9.628"
"2017";"Semana 52";"10.412"
"2018";"Semana 1";"11.204"
"2018";"Semana 2";"10.905"
"2018";"Semana 3";"10.981"
"2018";"Semana 4";"10.324"
"2018";"Semana 5";"9.893"
"2018";"Semana 6";"10.015"
"2018";"Semana 7";"10.105"
"2018";"Semana 8";"9.656"
"2018";"Semana 9";"9.599"
"2018";"Semana 10";"9.203"
"2018";"Semana 11";"8.862"
"2018";"Semana 12";"8.616"
"2018";"Semana 13";"8.628"
"2018";"Semana 14";"8.414"
"2018";"Semana 15";"8.335"
"2018";"Semana 16";"8.112"
"2018";"Semana 17";"7.735"
"2018";"Semana 18";"7.359"
"2018";"Semana 19";"7.595"
"2018";"Semana 20";"7.511"
"2018";"Semana 21";"7.527"
"2018";"Semana 22";"7.306"
"2018";"Semana 23";"7.109"
"2018";"Semana 24";"7.154"
"2018";"Semana 25";"7.713"
"2018";"Semana 26";"7.698"
"2018";"Semana 27";"7.305"
"2018";"Semana 28";"7.366"
"2018";"Semana 29";"7.186"
"2018";"Semana 30";"7.155"
"2018";"Semana 31";"7.731"
"2018";"Semana 32";"8.003"
"2018";"Semana 33";"7.194"
"2018";"Semana 34";"7.015"
"2018";"Semana 35";"6.927"
"2018";"Semana 36";"6.906"
"2018";"Semana 37";"6.834"
"2018";"Semana 38";"7.153"
"2018";"Semana 39";"7.230"
"2018";"Semana 40";"7.210"
"2018";"Semana 41";"7.437"
"2018";"Semana 42";"7.350"
"2018";"Semana 43";"7.327"
"2018";"Semana 44";"7.794"
"2018";"Semana 45";"8.012"
"2018";"Semana 46";"7.999"
"2018";"Semana 47";"7.932"
"2018";"Semana 48";"7.929"
"2018";"Semana 49";"8.051"
"2018";"Semana 50";"8.312"
"2018";"Semana 51";"8.427"
"2018";"Semana 52";"8.650"
"2019";"Semana 1";"9.127"
"2019";"Semana 2";"10.025"
"2019";"Semana 3";"10.476"
"2019";"Semana 4";"10.141"
"2019";"Semana 5";"9.964"
"2019";"Semana 6";"9.686"
"2019";"Semana 7";"9.363"
"2019";"Semana 8";"9.216"
"2019";"Semana 9";"8.920"
"2019";"Semana 10";"8.595"
"2019";"Semana 11";"8.205"
"2019";"Semana 12";"8.027"
"2019";"Semana 13";"8.171"
"2019";"Semana 14";"8.087"
"2019";"Semana 15";"8.055"
"2019";"Semana 16";"7.801"
"2019";"Semana 17";"7.759"
"2019";"Semana 18";"7.744"
"2019";"Semana 19";"7.731"
"2019";"Semana 20";"7.536"
"2019";"Semana 21";"7.436"
"2019";"Semana 22";"7.618"
"2019";"Semana 23";"7.508"
"2019";"Semana 24";"7.016"
"2019";"Semana 25";"7.404"
"2019";"Semana 26";"7.570"
"2019";"Semana 27";"8.050"
"2019";"Semana 28";"7.463"
"2019";"Semana 29";"7.301"
"2019";"Semana 30";"7.464"
"2019";"Semana 31";"7.136"
"2019";"Semana 32";"7.317"
"2019";"Semana 33";"7.128"
"2019";"Semana 34";"6.920"
"2019";"Semana 35";"6.898"
"2019";"Semana 36";"6.904"
"2019";"Semana 37";"6.939"
"2019";"Semana 38";"6.996"
"2019";"Semana 39";"7.027"
"2019";"Semana 40";"6.978"
"2019";"Semana 41";"7.312"
"2019";"Semana 42";"7.314"
"2019";"Semana 43";"7.543"
"2019";"Semana 44";"7.698"
"2019";"Semana 45";"7.677"
"2019";"Semana 46";"8.036"
"2019";"Semana 47";"8.217"
"2019";"Semana 48";"8.328"
"2019";"Semana 49";"8.021"
"2019";"Semana 50";"8.340"
"2019";"Semana 51";"8.393"
"2019";"Semana 52";"8.333"
"2020";"Semana 1";"8.655"
"2020";"Semana 2";"9.345"
"2020";"Semana 3";"9.873"
"2020";"Semana 4";"9.887"
"2020";"Semana 5";"9.889"
"2020";"Semana 6";"9.090"
"2020";"Semana 7";"8.744"
"2020";"Semana 8";"8.354"
"2020";"Semana 9";"8.300"
"2020";"Semana 10";"8.382"
"2020";"Semana 11";"9.402"
"2020";"Semana 12";"12.726"
"2020";"Semana 13";"19.682"
"2020";"Semana 14";"20.809"
"2020";"Semana 15";"17.193"
"2020";"Semana 16";"13.158"
"2020";"Semana 17";"10.362"
"2020";"Semana 18";"8.930"
"2020";"Semana 19";"8.369"
"2020";"Semana 20";"7.470"
"2020";"Semana 21";"7.546"
"2020";"Semana 22";"7.518"
"2020";"Semana 23";"7.040"
"2020";"Semana 24";"6.742"
"2020";"Semana 25";"6.938"
"2020";"Semana 26";"7.400"
"2020";"Semana 27";"7.841"
"2020";"Semana 28";"7.855"
"2020";"Semana 29";"7.725"
"2020";"Semana 30";"7.942"
"2020";"Semana 31";"8.644"
"2020";"Semana 32";"8.536"
"2020";"Semana 33";"8.295"
"2020";"Semana 34";"8.012"
"2020";"Semana 35";"8.068"
"2020";"Semana 36";"7.906"
"2020";"Semana 37";"8.182"
"2020";"Semana 38";"8.338"
"2020";"Semana 39";"8.289"
"2020";"Semana 40";"8.347"
"2020";"Semana 41";"8.806"
"2020";"Semana 42";"8.773"
"2020";"Semana 43";"9.712"
"2020";"Semana 44";"9.852"
"2020";"Semana 45";"10.599"
"2020";"Semana 46";"10.265"
"2020";"Semana 47";"9.948"
"2020";"Semana 48";"9.764"
"2020";"Semana 49";"9.775"
"2020";"Semana 50";"9.693"
"2020";"Semana 51";"9.538"
"2020";"Semana 52";"9.172"
"2020";"Semana 53";"9.345"
"2021";"Semana 1";"10.063"
"2021";"Semana 2";"11.048"
;;
;;
"Métrica":"Estimación de muertes semanales"
"Fuente":"INE"
"Clasificación":""
"Unidad":"Número de personas"
"Escala":"Unidades"
"EscalaFactorPotencia10":"0"
"SonDatosNumericos":"True"
;;
;;
"Url":"https://www.epdata.es/estimacion-muertes-semanales-cualquier-causa-espana/148d86e3-cf82-4b83-bedb-ce12f71c3510"
"Titulo":"Estimación de muertes semanales por cualquier causa en España"
"Subtitulo":""
